2025-10-31T17:07:57.231998,https://amzn.in/d/6yrQGeq,₹999.00
2025-11-01T09:15:16.770111,https://amzn.in/d/6yrQGeq,₹999.00
2025-11-02T09:01:59.354734,https://amzn.in/d/6yrQGeq,₹999.00
2025-11-02T09:14:41.290024,https://amzn.in/d/6yrQGeq,₹999.00
2025-11-02T15:01:36.566302,https://amzn.in/d/6yrQGeq,₹999.00
2025-11-02T21:01:29.751104,https://amzn.in/d/6yrQGeq,₹999.00
2025-11-03T08:33:43.917719,https://amzn.in/d/6yrQGeq,₹999.00
2025-11-03T09:01:35.374716,https://amzn.in/d/6yrQGeq,₹999.00
2025-11-03T15:01:30.908586,https://amzn.in/d/6yrQGeq,₹999.00
2025-11-03T21:01:37.618549,https://amzn.in/d/6yrQGeq,₹999.00
2025-11-04T09:01:39.906871,https://amzn.in/d/6yrQGeq,₹999.00
2025-11-05T15:14:10.302172,https://amzn.in/d/6yrQGeq,₹999.00
2025-11-05T21:01:36.152925,https://amzn.in/d/6yrQGeq,₹999.00
2025-11-07T13:38:48.194367,https://amzn.in/d/6yrQGeq,₹999.00
2025-11-07T19:38:34.961311,https://amzn.in/d/6yrQGeq,₹999.00
2025-11-08T09:01:41.975160,https://amzn.in/d/6yrQGeq,₹999.00
2025-11-08T13:38:43.838709,https://amzn.in/d/6yrQGeq,₹999.00
2025-11-08T19:39:20.847490,https://amzn.in/d/6yrQGeq,₹999.00
2025-11-09T10:08:52.313939,https://amzn.in/d/6yrQGeq,₹999.00
2025-11-09T15:01:25.041765,https://amzn.in/d/6yrQGeq,₹999.00
2025-11-09T16:08:40.613259,https://amzn.in/d/6yrQGeq,₹999.00
2025-11-09T22:08:41.845252,https://amzn.in/d/6yrQGeq,₹999.00
2025-11-10T09:35:46.730973,https://amzn.in/d/6yrQGeq,₹999.00
2025-11-10T10:08:31.691360,https://amzn.in/d/6yrQGeq,₹999.00
2025-11-10T15:35:40.581811,https://amzn.in/d/6yrQGeq,₹999.00
2025-11-10T21:35:48.101972,https://amzn.in/d/6yrQGeq,₹999.00
2025-11-11T09:35:41.933250,https://amzn.in/d/6yrQGeq,₹999.00
2025-11-11T16:02:15.249128,https://amzn.in/d/6yrQGeq,₹999.00
2025-11-11T21:02:12.899096,https://amzn.in/d/6yrQGeq,₹999.00
2025-11-12T14:35:48.763669,https://amzn.in/d/6yrQGeq,₹999.00
2025-11-12T15:02:10.322728,https://amzn.in/d/6yrQGeq,₹999.00
2025-11-13T14:35:33.320476,https://amzn.in/d/6yrQGeq,₹999.00
2025-11-13T15:01:37.616249,https://amzn.in/d/6yrQGeq,₹999.00
2025-11-13T21:57:54.064890,https://amzn.in/d/6yrQGeq,₹999.00
2025-11-14T09:01:36.288505,https://amzn.in/d/6yrQGeq,₹999.00
2025-11-15T15:01:36.973261,https://amzn.in/d/6yrQGeq,₹999.00
2025-11-16T09:39:31.952096,https://amzn.in/d/6yrQGeq,₹999.00
2025-11-16T15:39:14.305907,https://amzn.in/d/6yrQGeq,₹999.00
2025-11-16T21:39:16.804338,https://amzn.in/d/6yrQGeq,₹999.00
2025-11-17T09:23:19.305402,https://amzn.in/d/6yrQGeq,₹999.00
2025-11-17T09:39:12.439772,https://amzn.in/d/6yrQGeq,₹999.00
